DILIrank_ID, logP, logS, PhysiologicalCharge, HydrogenAcceptor, HydrogenDonor, PolarSurfaceArea(A2), RotatableBondCount, Polarizability(A3), NumberofRings, Refractivity(m3.mol-1),Bioavailability, Rule of Five, Ghose Filter, Veber's Rule, MDDR-like Rule, Water Solubility(mg/mL), pKa(StrongestAcidic), pKa(StrongestBasic)
amineptine,1.99,-6,0,3,2,49.33,8,39.7,3,101.21,1,1,1,0,1,0.000305,4.41,9.17
chlormezanone,0.84,-2.2,0,3,0,54.45,1,25.89,2,64.88,1,1,1,0,0,1.61,19.07,-2.5
droxicam,1.75,-4,0,5,0,96.88,1,33.9,4,88.19,1,1,1,0,0,0.0319,0.92,0.92
nimesulide,2.56,-4.2,-1,4,1,101.22,4,28.87,2,76.31,1,1,1,0,0,0.0182,6.86,-8.9
troglitazone,4.16,-5.6,-1,5,2,84.86,5,47.08,4,120.99,1,0,1,0,0,0.00121,6.61,-4.6
trovafloxacin,0.86,-3.8,0,7,2,99.76,3,38.12,5,101.04,1,1,1,0,0,0.0704,5.41,9.44
alaproclate,2.82,-3.8,1,2,1,52.32,5,26.99,1,68.5,1,1,1,0,0,0.0377,7.34,7.34
alclofenac,3.01,-2.9,-1,3,1,46.53,5,22.28,1,57.8,1,1,1,0,0,0.288,3.71,-4.9
bendazac,2.89,-3.4,-1,4,1,64.35,5,28.97,3,88.76,1,1,1,0,0,0.103,3.66,0.35
benoxaprofen,4.22,-4,-1,3,1,63.33,3,31.34,3,88.51,1,1,1,0,0,0.0317,4.66,0.091
benzbromarone,5.52,-4.5,-1,2,1,50.44,3,35.65,3,92.37,1,0,1,0,0,0.0131,5.11,-3.8
benziodarone,5.8,-4.6,-1,2,1,50.44,3,39.84,3,103.85,0,0,0,0,0,0.0139,5.61,-3
bromfenac,3,-4.4,-1,4,2,80.39,4,29.93,2,80.26,1,1,1,0,0,0.0126,3.81,1.59
cinchophen,3.41,-3.8,-1,3,1,50.19,2,26.59,3,72,1,1,1,0,0,0.0355,3.57,1.26
cyclofenil,5.76,-5.7,0,2,0,52.6,6,41.08,3,113.52,1,1,1,0,1,0.000792,-6.8,-6.8
fipexide,2.95,-3.4,0,5,0,51.24,5,40.49,4,101.46,1,1,1,0,0,0.167,16.56,6.09
iproniazid,0.02,-2.4,0,3,2,54.02,3,19.19,1,60.96,1,1,1,0,0,0.674,13.66,3.82
lumiracoxib,4.56,-4.7,-1,3,2,49.33,4,28.53,2,75.91,1,1,1,0,0,0.00549,4.11,-1.9
mebanazine,1.24,-1.1,0,2,2,38.05,2,15.65,1,53.93,1,1,0,1,0,10.6,5.33,5.33
moxisylyte,3.22,-2.8,1,3,0,38.77,7,32.39,1,80.9,1,1,1,1,0,0.406,8.79,8.79
nialamide,0.65,-3.5,0,4,3,83.12,7,32.07,2,93.91,1,1,1,0,0,0.0873,13.65,3.41
niperotidine,1.43,-4,1,7,2,102.04,12,46.92,3,124.53,1,1,1,0,1,0.0439,7.8,7.8
nomifensine,2.94,-2.9,1,2,1,29.26,1,27.56,3,77.18,1,1,1,1,0,0.318,8.88,8.88
oxyphenisatin,3.78,-4.4,0,3,3,69.56,2,33.07,4,93.69,1,1,1,0,0,0.0125,9.18,-6
pemoline,0.52,-2.3,0,4,1,64.68,1,17.04,2,45.7,1,1,1,0,0,0.979,14.95,0.99
perhexiline,5.87,-7,1,1,1,12.03,4,36.22,3,87.23,1,0,1,1,0,2.72E-05,10.58,10.58
phenoxypropazine,1.37,-1.4,0,3,2,47.28,4,18.67,1,59.87,1,1,1,0,0,6.03,5.45,5.45
pirprofen,3.81,-2.3,-1,3,1,40.54,3,25.98,2,69.52,1,1,1,0,0,1.21,4.25,-1.2
sulfathiazole,0.88,-2.4,-1,4,2,85.08,2,23.96,2,62.27,1,1,1,0,0,0.921,6.93,2.04
tilbroquinol,3.11,-2.9,0,2,1,33.12,0,20.4,2,54.62,1,1,1,1,0,0.299,7.84,4.46
tolrestat,3.25,-4.7,-1,3,1,49.77,5,32.08,2,87.89,1,1,1,0,0,0.0076,3.95,-3
ximelagatran,1.35,-3.8,0,7,4,146.35,11,52.15,3,126.57,1,1,1,0,1,0.0845,9.64,5.48
zimelidine,3.39,-4.1,1,2,0,16.13,4,30.94,2,93.94,1,1,1,1,0,0.0239,8.62,8.62
fialuridine,0.07,-1.2,0,5,3,99.1,2,26.4,2,64.22,1,1,0,0,0,23.1,8.5,-3
tasosartan,3.07,-4.1,0,6,1,100.55,4,44.34,5,130.61,1,1,0,0,0,0.0325,7.4,2.79
acitretin,5.2,-5.8,-1,3,1,46.53,6,38.54,1,104.17,1,0,1,0,0,0.000478,5.01,-4.8
amiodarone,7.24,-5.1,1,3,0,42.68,11,56.78,3,145.05,0,0,0,0,1,0.00476,8.47,8.47
bosentan,4.18,-4.8,-1,9,2,145.65,10,57.89,4,166.66,1,0,0,0,1,0.00904,5.8,-0.43
cytarabine,-2.2,-0.74,0,7,4,128.61,2,22.21,2,54.54,1,1,0,0,0,43.8,12.55,-0.55
danazol,3.62,-4.3,0,2,1,46.26,0,38.56,5,98.54,1,1,1,0,0,0.0176,17.59,0.25
dantrolene,1.65,-3.6,0,5,1,118.05,4,30.02,3,77.87,1,1,1,0,0,0.0805,8.23,-1.3
deferasirox,4.01,-4,-1,6,3,108.47,4,38.52,4,125.32,1,1,1,0,0,0.0343,4.55,0.19
felbamate,0.56,-2.5,0,2,2,104.64,7,23.52,1,59.59,1,1,1,0,0,0.742,14.98,14.98
flutamide,2.55,-4.7,0,3,1,74.92,4,23.2,1,63.42,1,1,1,0,0,0.00566,13.17,-3.7
isoniazid,-0.71,-0.59,0,3,2,68.01,1,13.21,1,37.46,1,1,0,0,0,34.9,13.61,3.35
ketoconazole,4.3,-4.8,0,6,0,69.06,7,54.83,5,138.07,1,0,0,0,1,0.00931,6.75,6.75
lapatinib,5.18,-4.4,1,7,2,106.35,11,61.19,5,152.42,0,0,0,0,1,0.0223,15.99,7.2
leflunomide,2.52,-3.5,0,2,1,55.13,3,23.11,2,64.16,1,1,1,0,0,0.0844,10.41,-0.45
methotrexate,-0.91,-3.4,-2,12,5,210.54,9,44.54,3,119.21,0,0,1,0,1,0.171,3.41,2.81
mexiletine,2.17,-2.5,1,2,1,35.25,3,21.17,1,54.97,1,1,1,1,0,0.538,9.52,9.52
nefazodone,3.71,-3.8,1,5,0,51.62,10,51.85,4,132.38,1,1,0,0,1,0.0698,7.09,7.09
nevirapine,1.75,-3.4,0,4,1,58.12,1,27.8,4,77.48,1,1,1,0,0,0.105,10.37,5.06
oxandrolone,3.36,-4.3,0,2,1,46.53,0,35.29,4,84.75,1,1,1,0,0,0.014,-0.53,-0.53
oxymetholone,3.17,-4,0,3,2,57.53,0,38.84,4,94.6,1,1,1,0,0,0.0349,8.87,-0.53
pazopanib,3.59,-4,0,7,2,119.03,5,45.41,4,132.18,1,1,0,0,0,0.0433,10.41,5.07
pentostatin,-2,-1.4,1,7,4,112.13,2,26.34,3,64.98,1,1,0,0,0,10.7,13.06,8.33
propylthiouracil,1.53,-2.6,0,1,2,41.13,2,17.79,1,48.9,1,1,1,0,0,0.466,8.09,-2.7
stavudine,-0.73,-0.74,0,4,2,78.87,2,21.33,2,55.32,1,1,1,0,0,40.5,9.95,-3
sunitinib,3.24,-4.1,1,3,3,77.23,7,44.32,3,116.27,1,1,1,0,1,0.0308,11.46,9.04
tolcapone,2.63,-3.7,-1,5,2,103.35,3,26.44,2,72.96,1,1,1,0,0,0.0569,5.17,-6.4
valproic acid,2.54,-1.8,-1,2,1,37.3,5,17,0,40.25,1,1,0,1,0,2.36,5.14,5.14
zidovudine,-0.1,-1.2,0,6,2,108.3,3,24.93,2,61.7,1,1,1,0,0,16.3,9.96,-3
maraviroc,4.3,-4.7,1,4,1,63.05,8,56.02,5,142.88,1,0,0,0,1,0.0106,13.98,9.65
tipranavir,6.29,-6.5,-1,5,2,105.59,11,60.87,4,154.57,0,0,0,0,1,0.000205,5.92,-3.3
abacavir,0.61,-2.4,0,6,3,101.88,4,30.43,4,82.62,1,1,1,0,0,1.21,15.41,5.77
acarbose,-2.7,-0.78,1,19,14,329.01,13,62.11,3,139.02,0,0,0,0,1,108,11.83,7.03
acetaminophen,0.51,-1.6,0,2,2,49.33,1,15.52,1,42.9,1,1,0,0,0,4.15,9.46,-4.4
acetazolamide,-0.39,-1.9,-1,5,2,115.04,2,19.16,1,47.36,1,1,0,0,0,2.79,6.93,-3.3
albendazole,3.22,-4.1,0,3,2,67.01,5,29.3,2,73.01,1,1,1,0,0,0.0228,9.51,4.27
allopurinol,-0.41,-0.79,0,4,2,74.69,0,11.7,2,34.98,1,1,0,0,0,22,8.47,1.25
atomoxetine,3.95,-4.8,1,2,1,21.26,6,29.79,2,79.44,1,1,1,1,0,0.0039,9.8,9.8
atorvastatin,4.24,-6,-1,5,4,111.79,12,59.39,4,158.2,0,0,0,0,1,0.00063,4.33,-2.7
azathioprine,0.84,-2.4,0,6,1,118.1,3,24.26,3,70.95,1,1,1,0,0,1.07,8.65,4
bexarotene,6.86,-6.4,-1,2,1,37.3,3,40.89,3,117.12,1,0,0,1,0,0.000149,4.07,4.07
bicalutamide,2.7,-4.7,0,5,2,107.26,6,36.68,2,96.59,1,1,1,0,0,0.00928,11.95,-4
bortezomib,0.89,-3.9,0,6,4,124.44,9,40.48,2,99.37,1,1,1,0,0,0.0532,13.04,-0.7
busulfan,-0.9,-1.7,0,4,0,86.74,7,23.64,0,49.57,1,1,0,0,0,5.16,0,0
carbamazepine,2.1,-3.2,0,1,1,46.33,0,25,3,71.89,1,1,1,0,0,0.152,15.96,-3.8
chlorzoxazone,2.09,-1.8,0,2,1,38.33,0,14.94,2,41.07,1,1,0,1,0,2.96,9.39,-2.2
ciprofloxacin,-0.57,-2.4,0,6,2,72.88,3,33.12,4,87.94,1,1,0,0,0,1.35,5.76,8.68
clarithromycin,3.18,-3.5,1,13,4,182.91,8,82.03,3,190.79,0,0,0,0,1,0.217,12.46,8.38
clomipramine,5.04,-4.3,1,2,0,6.48,4,35.73,3,95.41,1,1,1,1,0,0.0144,9.2,9.2
clozapine,3.67,-3.2,1,4,1,30.87,0,35.77,4,97.36,1,1,1,1,0,0.186,15.9,7.35
cyclosporine,0,0,0,12,5,278.8,15,133.6,1,327.14,0,0,0,0,0,0,11.83,-2.4
dactinomycin,2.76,-4.8,0,16,5,355.54,8,129.2,7,326.17,0,0,0,0,1,0.02,10.52,-0.13
darunavir,1.76,-3.9,0,7,3,140.42,11,57.24,4,142.34,0,0,0,0,1,0.0668,13.59,2.39
diclofenac,4.98,-4.8,-1,3,2,49.33,4,27.93,2,75.46,1,1,1,0,0,0.00447,4,-2.1
didanosine,-0.99,-1.6,-1,6,2,88.74,2,22.9,3,58.59,1,1,1,0,0,6.58,6.94,2.75
diflunisal,3.11,-3.6,-1,3,2,57.53,2,22.29,2,60.86,1,1,1,0,0,0.0711,2.69,-6.3
diltiazem,3.09,-4.4,1,4,0,59.08,7,43.65,3,114.37,1,1,1,0,1,0.0168,12.86,8.18
disulfiram,3.88,-4.4,0,0,0,6.48,7,31.6,0,88.24,1,1,1,1,0,0.0126,0,0
dronedarone,6.46,-5.4,1,5,1,88.85,17,66.05,3,158.13,0,0,0,0,1,0.00201,9.08,9.79
duloxetine,4.72,-5,1,2,1,21.26,6,33.15,3,87.73,1,1,1,1,1,0.00296,9.7,9.7
efavirenz,3.89,-4.6,0,2,1,38.33,3,26.81,3,71.34,1,1,1,1,0,0.00855,12.52,-1.5
erlotinib,3.13,-4.6,0,7,1,74.73,10,43.48,3,107.79,1,1,1,0,1,0.00891,16.14,4.62
erythromycin,2.37,-3.2,1,13,5,193.91,7,78.21,3,186.04,0,0,0,0,1,0.459,12.44,8.38
estramustine,4.97,-6.1,0,2,1,49.77,6,48.06,4,116.21,1,0,1,0,1,0.000385,19.38,-0.88
ethambutol,-0.12,-1.4,1,4,4,64.52,9,24.47,0,57.89,1,1,1,0,0,7.58,14.82,9.55
etodolac,3.39,-3.9,-1,3,2,62.32,4,31.94,3,81.16,1,1,1,0,0,0.0392,4.73,-4.2
etravirine,3.67,-4.4,0,6,2,120.64,4,41.09,3,111.87,1,0,1,0,0,0.0169,12.49,4.13
exemestane,2.67,-4.6,0,2,0,34.14,0,33.71,4,89.03,1,1,1,1,0,0.00683,19.96,-5
febuxostat,3.8,-4.2,-1,5,1,83.21,5,33.88,2,93.93,1,1,1,0,0,0.0183,3.08,0.39
fenoprofen,3.87,-3.5,-1,2,1,46.53,4,25.3,2,68.18,1,1,1,0,0,0.0811,3.96,-8.7
fluconazole,0.58,-2.3,0,5,1,81.65,5,26.52,3,97.2,1,1,1,0,0,1.39,12.71,2.56
fosphenytoin,1.08,-3.4,-2,5,3,116.17,5,33.23,3,87.05,1,1,1,0,0,0.145,1.46,-9.7
gefitinib,4.02,-4.2,0,7,1,68.74,8,46.11,4,117.51,1,1,1,0,1,0.027,16.11,6.85
gemcitabine,0.14,-1.1,0,6,3,108.38,2,21.45,2,53.25,1,1,0,0,0,22.3,11.52,-1.3
gemfibrozil,3.61,-4,-1,3,1,46.53,6,28.9,1,71.82,1,1,1,0,0,0.0278,4.42,-4.8
griseofulvin,2.71,-3.8,0,6,0,71.06,3,34.25,3,87.85,1,1,1,0,0,0.0504,17.69,-4.3
hydroxyurea,-1.8,0.55,0,2,3,75.35,0,5.94,0,14.91,1,1,0,0,0,269,10.14,-4.9
imatinib,3.47,-4.5,1,7,2,86.28,7,55.54,5,148.93,1,1,0,0,1,0.0146,12.45,8.27
indomethacin,4.25,-5.2,-1,4,1,68.53,4,36.64,3,94.81,1,1,1,0,0,0.0024,3.79,-2.9
isotretinoin,5.66,-4.8,-1,2,1,37.3,5,36.15,1,97.79,1,0,1,1,0,0.00477,5,5
itraconazole,5.48,-4.9,0,9,0,100.79,11,74.71,7,200.4,0,0,0,0,1,0.00964,3.91,3.91
labetalol,1.73,-4.8,1,4,4,95.58,8,36.83,2,94.72,1,1,1,0,0,0.00578,8.05,9.8
lamotrigine,1.87,-2.7,0,5,2,90.71,1,23.1,2,66.62,1,1,1,0,0,0.488,14.98,5.87
levofloxacin,-0.02,-2.4,-1,7,1,73.32,2,36.69,4,94.94,1,1,1,0,0,1.44,5.45,6.2
mefenamic acid,4.58,-4.2,-1,3,2,49.33,3,26.22,2,71.88,1,0,1,0,0,0.0137,3.89,-1.6
mercaptopurine,-0.13,-2.3,0,3,2,53.07,0,14.04,2,43.6,1,1,0,0,0,0.735,9.5,2.99
methimazole,-0.38,-1,0,0,1,15.27,0,11.64,1,33.23,1,1,0,1,0,11.3,10.41,-3
methyldopa,-2,-2,0,5,4,103.78,3,20.73,1,53.79,1,1,0,0,0,2.26,1.73,9.85
micafungin,0.67,-3.8,-1,22,16,510.14,18,128.22,7,303.07,0,0,0,0,1,0.218,-2.2,-3.6
milnacipran,1.72,-2.3,1,2,1,46.33,5,28.25,2,73.81,1,1,1,0,0,1.23,9.83,9.83
minocycline,-0.03,-2.2,-1,9,5,164.63,3,45.9,4,122.54,1,1,0,0,0,3.07,-2.3,8.25
nandrolone decanoate,5.96,-6.4,0,2,0,43.37,10,53.65,4,125.94,1,0,0,0,1,0.000157,19.28,-4.7
niacin,0.29,-0.17,-1,3,1,50.19,1,11.3,1,31.16,1,1,0,0,0,83.1,2.79,4.19
nilutamide,1.74,-4.9,0,4,1,95.23,3,25.88,2,68.23,1,1,1,0,0,0.00419,15.01,-4.4
nitrofurantoin,0.03,-2.8,0,5,1,118.05,3,20.49,2,52.11,1,1,1,0,0,0.415,8.23,-2.2
nortriptyline,4.65,-5.5,1,1,1,12.03,3,31.87,3,96.21,1,1,1,1,0,0.000874,10.47,10.47
orlistat,7.61,-6.7,0,3,1,81.7,23,61.12,1,139.94,0,0,0,0,0,9.19E-05,12.74,-0.91
oxaliplatin,-0.47,-1.2,0,0,0,85.82,0,21.9,3,67.52,1,0,0,0,0,27.5,0,0
papaverine,4.19,-4.4,0,5,0,49.81,6,36.57,3,95.52,1,1,1,0,1,0.0129,6.03,6.03
phenytoin,2.26,-3.6,0,2,2,58.2,2,25.48,3,70.18,1,1,1,0,0,0.0711,9.47,-9
raltegravir,0,0,-1,7,3,150.02,6,42.47,3,112.59,1,1,1,0,1,0,5.62,-1.5
riluzole,2.83,-3.8,0,3,1,48.14,2,18.59,2,44.37,1,1,1,0,0,0.0395,16.44,4.57
ritonavir,4.24,-5.8,0,6,4,145.78,18,77.4,4,194.59,0,0,0,0,1,0.00126,13.68,2.84
sorafenib,4.12,-5.4,0,3,3,92.35,6,41.11,3,114.52,1,1,1,0,1,0.00171,11.55,2.03
sulfasalazine,2.92,-3.9,-2,8,3,141.31,5,39.69,3,104.6,1,1,1,0,0,0.0464,3.23,0.55
sulindac,2.96,-4.2,-1,3,1,54.37,4,37.2,3,99.56,1,1,1,0,0,0.0251,4.09,-6.7
tamoxifen,5.93,-5.6,1,2,0,12.47,8,44.19,3,128.43,1,0,0,1,1,0.00102,8.76,8.76
telithromycin,4.21,-4.5,1,11,1,171.85,11,90.44,5,214.68,0,0,0,0,1,0.0283,8.84,7.65
terbinafine,5.51,-5.6,1,1,0,3.24,6,35.84,2,98.08,1,0,1,1,0,0.000738,8.86,8.86
testosterone,2.99,-3.9,0,2,1,37.3,0,33.88,4,84.43,1,1,1,1,0,0.0333,18.52,-0.88
thiabendazole,2.47,-3.2,0,2,1,41.57,1,21.02,3,64.91,1,1,1,0,0,0.138,10.28,4.08
ticlopidine,4.25,-4.1,1,1,0,3.24,2,27.99,3,74.33,1,1,1,1,0,0.0219,7.31,7.31
tizanidine,1.6,-3.3,1,5,2,62.2,1,23.97,3,64.77,1,1,1,0,0,0.133,7.49,7.49
tolvaptan,4.14,-5.6,0,3,2,69.64,3,48.16,4,129.16,1,0,1,0,0,0.00124,11.76,-2.1
voriconazole,1.65,-3.6,0,5,1,76.72,5,30.54,3,95.28,1,1,1,0,0,0.0978,12.71,2.27
zafirlukast,4.84,-5.8,-1,6,2,115.73,8,62,5,158.58,0,0,0,0,1,0.000962,4.29,-1.1
zileuton,2.01,-3.6,0,2,2,66.56,2,24.14,2,61.96,1,1,1,0,0,0.0539,8.84,-5.5
adefovir,-1.8,-2.1,-1,8,3,136.38,5,23.56,2,63.12,1,1,0,0,0,2.02,1.35,5.12
amphotericin b,-0.66,-4,0,17,12,319.61,3,99.45,3,244.67,0,0,0,0,0,0.0819,3.58,9.11
ampicillin,0.88,-2.8,0,5,3,112.73,4,34.54,3,87.52,1,1,0,0,0,0.605,3.24,7.44
atazanavir,4.08,-5.3,0,7,5,171.22,18,76.73,3,191.8,0,0,0,0,1,0.00327,11.92,4.42
auranofin,2.99,-3.6,0,5,0,114.43,15,50.82,1,114.88,0,0,0,0,0,0.151,-4.3,-4.3
bromocriptine,3.2,-3.9,0,6,3,118.21,5,66.44,7,165.51,1,0,0,0,0,0.0858,9.68,6.71
carbenicillin,1.13,-3,-2,6,3,124.01,5,36.39,3,90.82,1,1,1,0,0,0.39,3.11,-6.3
carboplatin,0.14,-0.67,0,0,0,107.88,0,18.27,2,60.04,1,0,0,0,0,79.8,0,0
celecoxib,3.99,-4.9,0,3,1,77.98,4,35.2,3,92.23,1,1,1,0,0,0.00503,10.7,-0.42
chlorambucil,3.81,-3.6,-1,3,1,40.54,9,31.98,1,79.68,1,1,1,0,0,0.0773,4.46,1.72
cisplatin,-0.04,-0.64,0,0,0,55.28,0,10.95,0,43.3,1,0,0,0,0,69.6,0,0
clindamycin,1.76,-2.1,1,6,4,102.26,7,44.65,2,105.72,1,1,1,0,0,3.1,12.41,7.55
clofibrate,3.99,-3.9,0,2,0,35.53,5,24.7,1,62.14,1,1,1,1,0,0.029,-4.9,-4.9
clotrimazole,5.48,-5.4,0,1,0,17.82,4,36.25,4,103.76,1,0,0,1,0,0.00147,6.62,6.62
cloxacillin,2.61,-3.9,-1,5,2,112.74,4,41.64,4,106.64,1,1,1,0,0,0.0532,3.75,-0.41
dapsone,1.19,-2.9,0,4,2,86.18,2,25.05,2,68.99,1,1,1,0,0,0.284,2.39,2.39
dicloxacillin,3.19,-4.2,-1,5,2,112.74,3,42.86,4,111.44,1,1,1,0,0,0.0296,3.75,-0.71
docetaxel,2.59,-4.8,0,10,5,224.45,13,82.06,6,203.9,0,0,0,0,1,0.0127,10.96,-3
ethionamide,1.88,-2.3,0,1,1,38.91,2,17.99,1,50.19,1,1,1,1,0,0.839,11.89,5
ezetimibe,4.14,-4.7,0,3,2,60.77,6,41.64,4,108.86,1,1,1,0,1,0.00846,9.48,-3
fenofibrate,4.86,-5.7,0,3,0,52.6,7,38.15,2,97.13,1,0,1,0,0,0.000707,-4.9,-4.9
fluvastatin,3.69,-5,-1,4,3,82.69,8,44.31,3,114.86,1,1,1,0,1,0.00441,4.56,-2.8
gabapentin,-1.9,-1.6,0,3,2,63.32,3,18.92,1,46.33,1,1,0,0,0,4.34,4.63,9.91
gemifloxacin,-0.82,-3.3,0,9,2,121.35,5,39.3,4,99.74,1,1,0,0,0,0.21,5.53,9.53
ibuprofen,3.5,-3.5,-1,2,1,37.3,4,23.76,1,60.73,1,1,1,1,0,0.0684,4.85,4.85
ketoprofen,3.29,-4.1,-1,3,1,54.37,4,26.56,2,72.52,1,1,1,0,0,0.0213,3.88,-7.5
ketorolac,2.66,-2.7,-1,3,1,59.3,3,26.67,3,70.19,1,1,1,0,0,0.513,3.84,-7.8
lamivudine,-1.3,-1.9,0,5,2,88.15,2,21.7,2,55.16,1,1,0,0,0,2.76,14.29,-0.16
lenalidomide,-0.43,-2,0,4,2,92.5,1,25.55,3,68.3,1,1,0,0,0,2.33,11.61,2.31
letrozole,1.86,-3.6,0,4,0,78.29,3,29.59,3,94.47,1,1,1,0,0,0.0799,2.17,2.17
lomustine,2.62,-2.5,0,2,1,61.77,4,23.61,1,58.65,1,1,1,0,0,0.755,13.3,-5.3
lovastatin,4.11,-4.2,0,3,1,72.83,7,46.11,3,113.18,1,1,1,0,1,0.0243,14.91,-2.8
mebendazole,2.95,-3.9,0,4,2,84.08,4,31.1,3,81.5,1,1,1,0,0,0.0387,8.44,3.93
meloxicam,2.28,-3.4,-1,5,2,99.6,2,34.25,3,88.62,1,1,1,0,0,0.154,4.47,0.47
meropenem,-0.69,-1.8,0,6,3,110.18,5,39.29,3,97.89,1,1,0,0,0,5.63,3.47,9.39
methoxsalen,2.1,-3.1,0,2,0,48.67,1,20.98,3,56.85,1,1,1,0,0,0.164,-2.9,-2.9
methyltestosterone,3.61,-4.3,0,2,1,37.3,0,35.65,4,89.07,1,1,1,1,0,0.0139,19.09,-0.53
mirtazapine,2.9,-2.4,0,3,0,19.37,0,30.35,4,82.66,1,1,1,1,0,1.1,6.67,6.67
mitoxantrone,0.91,-2.8,2,10,8,163.18,12,48.49,3,123.53,0,0,1,0,1,0.734,8.27,9.36
modafinil,1.75,-2.6,0,2,1,60.16,5,28.71,2,77.39,1,1,1,0,0,0.622,8.84,-4.4
nafcillin,3.21,-4.4,-1,5,2,95.94,5,42.22,4,108.14,1,1,1,0,0,0.0172,3.31,-1.9
naproxen,3.29,-3.6,-1,3,1,46.53,3,24.81,2,64.85,1,1,1,0,0,0.0511,4.19,-4.8
nifedipine,2.49,-4.3,0,5,1,110.45,6,33.85,2,92.16,1,1,1,0,0,0.0177,5.33,5.33
norfloxacin,-0.47,-2.5,0,6,2,72.88,3,32.26,3,85.48,1,1,0,0,0,1.01,5.77,8.68
octreotide,0.42,-4.9,2,12,13,332.22,17,107.65,5,269.77,0,0,0,0,1,0.0122,11.4,10.17
ofloxacin,-0.02,-2.4,-1,7,1,73.32,2,36.69,4,94.94,1,1,1,0,0,1.44,5.45,6.2
oxacillin,2.05,-3.7,-1,5,2,112.74,4,39.61,4,101.83,1,1,1,0,0,0.0862,3.75,-0.12
oxaprozin,3.33,-4,-1,3,1,63.33,5,31.69,3,81.88,1,1,1,0,0,0.0325,4.95,-0.59
oxcarbazepine,1.76,-3.2,0,2,1,63.4,0,25.72,3,71.56,1,1,1,0,0,0.16,13.18,-4.3
penicillamine,-1.7,-1.5,0,3,3,63.32,2,14.76,0,37.22,1,1,0,0,0,4.65,2.56,9.09
pentamidine,1.32,-4.2,2,6,4,118.2,10,38.85,2,120.53,1,1,1,0,0,0.0236,12.13,12.13
perphenazine,4.15,-4.2,1,4,1,29.95,6,44.77,4,116.1,1,1,1,1,1,0.0237,15.59,8.21
phenobarbital,1.4,-2.9,0,3,2,75.27,2,22.61,2,59.75,1,1,1,0,0,0.276,8.14,8.14
pioglitazone,3.17,-4.9,-1,4,1,68.29,7,37.91,3,97.39,1,1,1,0,1,0.00442,6.66,5.6
piroxicam,2.2,-3.4,-1,5,2,99.6,2,32.27,3,87.04,1,1,1,0,0,0.143,4.76,3.79
pravastatin,2.23,-3.2,-1,6,4,124.29,11,46.56,2,113.6,1,1,1,0,0,0.242,4.21,-2.7
procarbazine,0.53,-3,0,3,3,53.16,5,25.88,1,86.98,1,1,1,0,0,0.228,15.03,5.6
pyrazinamide,-0.71,-0.12,0,3,1,68.87,1,11.13,1,30.45,1,1,0,0,0,93.7,13.06,-0.68
pyrimethamine,2.62,-3.1,1,4,2,77.82,2,25.79,2,71.54,1,1,1,0,0,0.179,17.22,7.77
quetiapine,2.93,-4,1,5,1,48.3,5,42.78,4,114.09,1,1,1,0,0,0.0403,15.12,7.06
quinine,2.82,-3,1,4,1,45.59,4,35.96,4,94.69,1,1,1,0,0,0.334,13.89,9.05
rosiglitazone,2.95,-4,-1,5,1,71.53,7,37.8,3,97.79,1,1,1,0,1,0.038,6.84,6.23
rosuvastatin,1.47,-3.7,-1,8,3,140.92,9,48.55,2,121.44,1,1,0,0,0,0.0886,4,-2.8
salsalate,3.44,-3,-1,4,2,83.83,4,24.92,2,67.1,1,1,1,0,0,0.246,3.4,-4.3
saquinavir,4.04,-5.4,1,7,5,166.75,13,73.76,5,186.67,0,0,0,0,1,0.00247,13.61,8.47
simvastatin,4.51,-4.5,0,3,1,72.83,7,47.88,3,117.68,1,1,1,0,1,0.0122,14.91,-2.8
succimer,0.56,-1.9,-2,4,4,74.6,3,15.45,0,38.47,1,1,0,0,0,2.43,3.37,3.37
teniposide,2.78,-4,0,12,3,160.83,6,64.84,8,155.61,0,0,0,0,1,0.0598,9.33,-3.7
tenofovir,-1.5,-2.2,-1,8,3,136.38,5,25.54,2,67.54,1,1,0,0,0,1.87,1.35,3.74
tetracycline,-0.56,-2.5,-1,9,6,181.62,2,43.03,4,114.19,1,0,0,0,0,1.33,-2.2,8.24
thiotepa,0.17,-1.3,0,3,0,9.03,3,18.23,3,50.72,1,1,0,1,0,9.27,-0.3,-0.3
valdecoxib,3.32,-4,0,3,1,86.19,3,31.76,3,84.71,1,1,1,0,0,0.0348,10.06,0.42
verapamil,5.23,-5.1,1,6,0,63.95,13,51.7,2,132.65,0,0,0,0,0,0.00394,9.68,9.68
vitamin a,6.38,-4.6,0,1,1,20.23,5,36.54,1,97.92,1,1,1,1,0,0.00758,16.44,-2.2
acamprosate,-1.8,-0.98,-1,4,2,83.47,4,17.17,0,38.91,1,1,0,0,0,18.8,-1.1,-0.47
acebutolol,1.43,-3.3,1,5,3,87.66,10,38.51,1,94.87,1,1,1,0,0,0.172,13.91,9.65
alfuzosin,2.02,-3.1,1,8,2,111.83,8,42.71,3,107.11,1,1,1,0,1,0.282,14.64,7.3
alosetron,1.85,-2.8,0,2,1,53.92,2,32.52,4,86.41,1,1,1,0,0,0.438,13.32,6.81
alprazolam,2.23,-4,0,3,0,43.07,1,32.22,4,98.88,1,1,1,0,0,0.0324,18.3,5.08
amiloride,-0.48,-2.6,1,7,5,156.79,1,20,1,67.18,1,1,0,0,0,0.616,11.43,7.35
amitriptyline,5.1,-4.8,1,1,0,3.24,3,33.74,3,101.51,1,1,1,1,0,0.0045,9.76,9.76
amlodipine,2.22,-4.7,1,5,2,99.88,10,42.31,2,108.64,1,1,1,0,0,0.0074,19.12,9.45
amoxicillin,0.75,-2.6,0,6,4,132.96,4,35.53,3,89.5,1,1,0,0,0,0.958,3.23,7.43
anastrozole,2.31,-3.6,0,4,0,78.29,4,31.97,2,97.47,1,1,1,0,0,0.0661,2,2
atenolol,0.57,-2.8,1,4,3,84.58,8,29.98,1,73.51,1,1,1,0,0,0.429,14.08,9.67
azithromycin,3.03,-3.2,2,13,5,180.08,7,83.11,3,194.11,0,0,0,0,1,0.514,12.43,9.57
baclofen,-0.82,-2.5,0,3,2,63.32,4,21.13,1,54.83,1,1,0,0,0,0.712,3.89,9.79
benazepril,1.14,-4.6,-1,5,2,95.94,10,44.98,3,115.23,1,1,1,0,1,0.0105,3.53,5.36
bendroflumethiazide,1.83,-3.3,0,5,3,118.36,4,36.92,3,93.68,1,1,1,0,0,0.214,9.04,-3.1
bupropion,3.28,-3.5,1,2,1,29.1,4,25.93,1,67.7,1,1,1,1,0,0.0693,18.29,8.22
candesartan,3.44,-4.8,-2,7,2,118.81,7,45.29,5,134.92,1,1,0,0,1,0.00745,3.44,1.5
captopril,1.02,-1.7,-1,3,2,57.61,3,21.72,1,54.63,1,1,1,0,0,4.52,4.02,-1.2
carvedilol,3.05,-5,1,5,3,75.74,10,45.03,4,115.64,1,1,1,0,1,0.00444,14.03,8.74
cefaclor,0.85,-3.2,0,5,3,112.73,4,35.11,3,89.56,1,1,0,0,0,0.21,3.03,7.44
cefadroxil,0.51,-3,0,6,4,132.96,4,35.86,3,90.95,1,1,0,0,0,0.399,3.45,7.43
cefazolin,-0.4,-3,-1,9,2,156.09,7,41.44,4,119.86,1,1,0,0,1,0.487,3.03,0.26
cefdinir,0.02,-3.6,-1,8,4,158.21,5,36.12,3,94.34,1,1,0,0,0,0.0878,1.74,7.45
cefepime,-0.37,-4.5,0,8,2,150.04,7,47.53,4,141.98,1,1,0,0,1,0.0173,3.25,4.06
cefoperazone,-0.11,-3.4,-1,11,4,220.26,9,60.97,5,169.06,0,0,0,0,1,0.286,3.19,-1.7
cefotaxime,0.14,-3.5,-1,9,3,173.51,8,41.78,3,105.11,1,1,0,0,1,0.146,3.18,4.15
cefprozil,0.94,-3.4,0,6,4,132.96,5,39.35,3,101.27,1,1,0,0,0,0.149,3.53,7.43
ceftazidime,-1.2,-5,-1,10,3,191.22,9,51.06,4,143.88,1,0,0,0,1,0.00573,2.77,4.26
ceftriaxone,-0.01,-3.7,-2,12,4,208.98,8,51.47,4,128.47,0,0,0,0,1,0.105,2.7,3.36
cefuroxime,-0.24,-3.2,-1,7,3,173.76,8,38.75,3,97.17,1,1,0,0,1,0.284,3.15,-1.1
cephalexin,0.55,-3.1,0,5,3,112.73,4,32.52,3,88.97,1,1,0,0,0,0.297,3.26,7.23
cetirizine,2.98,-3.8,0,5,1,53.01,8,41.88,3,106.87,1,1,1,0,1,0.0658,3.6,7.79
chlordiazepoxide,2.01,-4.2,1,3,1,50.46,1,31.22,3,87.34,1,1,1,0,0,0.0199,-2.7,7.06
chloroquine,5.28,-4.3,2,3,1,28.16,8,37.29,2,96.42,1,1,1,1,0,0.0175,10.32,10.32
chlorothiazide,0.41,-2.9,0,6,2,118.69,1,24.55,2,62.51,1,1,0,0,0,0.398,9.1,1.15
chlorpromazine,5.18,-4.9,1,2,0,6.48,4,35.1,3,93.76,1,1,1,1,0,0.00417,9.2,9.2
chlorpropamide,2.15,-3.2,-1,3,2,75.27,3,27.06,1,65.43,1,1,1,0,0,0.157,4.33,4.33
cimetidine,0.44,-3.2,1,5,3,88.89,5,27.28,1,70.32,1,1,1,0,0,0.176,13.38,6.91
citalopram,3.58,-4.7,1,3,0,36.26,5,35.4,3,94.02,1,1,1,1,0,0.00588,9.78,9.78
clonazepam,2.76,-4.5,0,4,1,87.28,2,29.59,3,84.02,1,1,1,0,0,0.0106,11.89,1.86
clopidogrel,3.84,-4.4,0,2,0,29.54,4,33.19,3,84.93,1,1,1,1,0,0.0118,5.14,5.14
cyclobenzaprine,4.73,-4.6,1,1,0,3.24,3,32.95,3,102.62,1,1,1,1,0,0.00689,9.76,9.76
cyclophosphamide,0.76,-1.2,0,2,1,41.57,5,23.72,1,58.48,1,1,1,0,0,15.1,12.78,-0.57
cyproheptadine,5.02,-4.3,1,1,0,3.24,0,34.17,4,105.17,1,1,1,1,0,0.0136,8.05,8.05
daptomycin,-0.47,-5,-3,27,22,702.02,35,161.48,4,393.57,0,0,0,0,1,0.0173,2.98,9.59
dasatinib,2.77,-4.6,1,8,3,106.51,7,51.58,4,133.08,1,1,0,0,1,0.0128,8.49,7.22
desloratadine,3.48,-4.9,1,2,1,24.92,0,34.35,4,101.04,1,1,1,1,0,0.00395,9.73,9.73
desvenlafaxine,2.6,-2.3,1,3,2,43.7,4,30.29,2,78.54,1,1,1,0,0,1.4,10.11,8.87
dexlansoprazole,2.84,-3.2,0,4,1,67.87,6,34.5,3,87.61,1,1,1,0,1,0.25,9.35,4.16
dexmethylphenidate,1.47,-3.1,1,2,1,38.33,4,26.24,2,66.73,1,1,1,1,0,0.182,9.09,9.09
disopyramide,3.21,-3.8,1,3,1,59.22,8,38.82,2,102.3,1,1,1,0,0,0.0493,16.19,10.42
donepezil,4.14,-4.9,1,4,0,38.77,6,44.34,4,112.11,1,1,1,1,1,0.0045,17.02,8.62
doxepin,4.08,-3.9,1,2,0,12.47,3,32.47,3,98.24,1,1,1,1,0,0.0319,9.76,9.76
doxorubicin,1.41,-2.7,1,12,6,206.07,5,53.87,5,134.59,0,0,0,0,0,1.18,9.53,8.94
doxycycline,-0.72,-2.8,0,9,6,181.62,2,43.65,4,113.89,1,0,0,0,0,0.63,3.27,8.33
enalapril,0.19,-3.2,-1,5,2,95.94,10,40.41,2,99.57,1,1,1,0,0,0.213,3.67,5.2
escitalopram,3.58,-4.7,1,3,0,36.26,5,35.3,3,94.02,1,1,1,1,0,0.00588,9.78,9.78
estradiol,3.57,-4.1,0,2,2,40.46,0,32.13,4,79.9,1,1,1,0,0,0.0213,10.33,-0.88
etoposide,0.73,-2.8,0,12,3,160.83,5,58.77,7,139.02,0,0,0,0,0,0.978,9.33,-3.7
famotidine,-0.2,-3.1,1,8,4,175.83,6,31.66,1,80.46,1,1,0,0,0,0.271,9.29,8.38
felodipine,4.36,-4.7,0,3,1,64.63,6,37.96,2,99.2,1,1,1,0,0,0.00715,19.46,-6.6
flecainide,2.98,-4.1,1,4,2,59.59,9,35.92,2,88.4,1,1,1,0,0,0.0324,13.68,9.62
fluoxetine,4.09,-5.3,1,2,1,21.26,7,30.33,2,80.37,1,1,1,1,0,0.0017,9.8,9.8
flurazepam,3.81,-4.6,1,3,0,35.91,6,41.22,3,107.54,1,1,1,1,1,0.01,8.71,8.71
fosinopril,4.71,-5.8,-1,5,1,110.21,15,61.83,3,149.12,0,0,0,0,1,0.00101,3.87,-4.4
glimepiride,2.82,-4.1,-1,5,3,124.68,6,53.49,3,129.8,1,1,0,0,1,0.0384,4.32,-3.7
glipizide,1.83,-4.4,-1,6,3,130.15,6,47.62,3,115.62,1,1,1,0,1,0.0164,4.32,0.061
haloperidol,3.7,-4.9,1,3,1,40.54,6,39.15,3,102.59,1,1,1,0,1,0.00446,13.96,8.05
hydralazine,0.66,-1.8,0,4,2,63.83,1,16.06,2,50.23,1,1,1,0,0,2.61,17.69,6.4
hydrochlorothiazide,-0.16,-2.1,0,5,3,118.36,1,25.35,2,63.11,1,1,0,0,0,2.24,9.09,-2.7
hydroxychloroquine,3.87,-4.1,2,4,2,48.39,9,38.3,2,97.97,1,1,1,0,0,0.0261,15.59,9.76
ifosfamide,0.57,-1.2,0,2,1,41.57,5,23.94,1,58.48,1,1,1,0,0,15,13.24,0.12
imipramine,4.53,-3.6,1,2,0,6.48,4,33.39,3,90.61,1,1,1,1,0,0.0664,9.2,9.2
irbesartan,4.51,-4.7,0,5,1,87.13,7,47.59,5,136.72,1,0,0,0,1,0.00884,7.4,4.12
irinotecan,3.94,-3.7,1,6,1,112.51,5,65.27,7,161.33,1,0,0,0,0,0.107,11.71,9.47
isradipine,3,-3.2,0,5,1,103.55,6,37.39,3,100.08,1,1,1,0,1,0.228,5.33,5.33
ivermectin,0,0,0,13,3,170.06,15,96.87,14,230.33,0,0,0,0,1,0,12.47,-3.4
lansoprazole,2.84,-3.2,0,4,1,67.87,6,34.59,3,87.61,1,1,1,0,1,0.25,9.35,4.16
leuprolide,1.04,-4.6,1,16,16,429.04,32,126.8,6,327.24,0,0,0,0,1,0.0338,9.49,11.92
levetiracetam,-0.64,0.24,0,2,1,63.4,3,17.79,1,44.08,1,1,0,0,0,298,16.09,-1.6
levothyroxine,1.15,-4.9,0,4,3,92.78,5,49.4,2,126.79,1,0,0,0,0,0.00898,0.27,9.43
linezolid,0.61,-2.4,0,5,1,71.11,4,34.06,3,84.47,1,1,1,0,0,1.44,14.45,-0.66
lisinopril,-1.2,-3.3,0,7,4,132.96,12,43.5,2,107.37,1,1,0,0,0,0.216,3.17,10.21
loracarbef,0.55,-3,0,5,3,112.73,4,32.61,3,86.64,1,1,0,0,0,0.325,3.13,7.44
losartan,4.5,-5,0,5,2,92.51,8,44.86,4,131.85,1,0,0,0,1,0.0047,7.4,4.12
mefloquine,3.1,-4,1,3,2,45.15,4,31.73,3,82.58,1,1,1,0,0,0.038,13.79,9.46
melphalan,-0.22,-2.9,0,4,2,66.56,8,31.38,1,78.23,1,1,1,0,0,0.358,1.29,9.51
memantine,3.31,-3.6,1,1,1,26.02,0,21.82,3,54.49,1,1,1,1,0,0.0455,10.7,10.7
mesalazine,0.75,-1.1,-1,4,3,83.55,1,14.26,1,40,1,1,0,0,0,12.2,2.02,5.87
metaxalone,1.63,-2.2,0,2,1,47.56,3,23.74,2,59.32,1,1,1,0,0,1.28,13.14,-4.9
methazolamide,-0.2,-2.1,0,6,1,105.19,1,20.99,1,51.3,1,1,0,0,0,1.74,7.21,-3.6
methylphenidate,1.47,-3.1,1,2,1,38.33,4,26.21,2,66.73,1,1,1,1,0,0.182,9.09,9.09
methylprednisolone,2.06,-3.5,0,5,3,94.83,2,40.77,4,103.04,1,1,1,0,0,0.109,12.59,-2.9
metoclopramide,2.18,-3,1,4,2,67.59,7,32.7,1,83.52,1,1,1,0,0,0.31,14.49,9.04
metoprolol,1.8,-2.8,1,4,2,50.72,9,31.9,1,76.7,1,1,1,0,0,0.402,14.09,9.67
montelukast,7.25,-7.8,-1,4,2,70.42,12,66.36,5,169.5,0,0,0,0,1,8.20E-06,4.4,3.12
moxifloxacin,0.01,-3.4,0,7,2,82.11,4,41.24,5,106.22,1,1,0,0,0,0.168,5.69,9.42
mycophenolate mofetil,2.17,-3.7,0,6,1,94.53,10,45.54,3,117.1,1,1,1,0,1,0.095,9.76,6.19
nelarabine,-0.81,-1.3,0,9,4,148.77,3,27.68,3,69.6,1,1,0,0,0,13.9,12.45,3.47
nelfinavir,4.61,-5.5,1,5,4,101.9,10,63.8,4,162.67,1,0,0,0,1,0.00191,9.32,8.18
nizatidine,0.7,-3.9,0,6,2,83.33,10,35.54,1,95.84,1,1,1,0,0,0.0386,6.54,6.54
olanzapine,3.61,-3.5,1,4,1,30.87,0,35.37,4,93.87,1,1,1,1,0,0.0942,14.17,7.24
olsalazine,2.77,-3.6,-2,8,4,139.78,4,28.61,2,78.85,1,1,1,0,0,0.0781,2.93,-0.019
omeprazole,1.66,-3,0,5,1,77.1,5,37.45,3,93.66,1,1,1,0,0,0.359,9.29,4.77
ondansetron,2.56,-3.1,1,2,0,39.82,2,33.16,4,86.78,1,1,1,1,0,0.248,15.39,7.34
paclitaxel,3.2,-5.2,0,10,4,221.29,14,87.17,7,218.29,0,0,0,0,1,0.00556,10.36,-1
pantoprazole,2.11,-2.9,0,6,1,86.33,7,35.17,3,90.05,1,1,1,0,1,0.495,9.15,3.55
paroxetine,3.1,-4.6,1,4,1,39.72,4,34.48,4,88.02,1,1,1,1,0,0.00853,9.77,9.77
phenelzine,1.2,-1.1,0,2,2,38.05,3,15.8,1,54.26,1,1,0,1,0,11.1,5.55,5.55
prednisolone,1.66,-3.2,0,5,3,94.83,2,38.69,4,98.49,1,1,1,0,0,0.239,12.59,-2.9
prednisone,2.07,-3.5,0,5,2,91.67,2,38.17,4,97.57,1,1,1,0,0,0.111,12.58,-3.3
procainamide,1.42,-1.9,1,3,2,58.36,6,27.69,1,72.25,1,1,1,0,0,3.02,15.75,9.04
prochlorperazine,4.67,-4.5,1,3,0,9.72,4,41.77,4,109.81,1,1,1,1,0,0.011,8.39,8.39
progesterone,3.58,-4.8,0,2,0,34.14,1,37.26,4,92.71,1,1,1,1,0,0.00546,18.47,-4.8
promethazine,4.52,-4.1,1,2,0,6.48,3,32.38,3,88.5,1,1,1,1,0,0.0245,9.05,9.05
propafenone,3.1,-4.6,1,4,2,58.56,11,39.75,2,100.21,1,1,1,0,0,0.00758,14.09,9.63
propofol,3.81,-3,0,1,1,20.23,2,21.61,1,56.42,1,1,1,1,0,0.158,10.98,-5
quinapril,1.39,-4.7,-1,5,2,95.94,10,47.36,3,119.96,1,1,1,0,1,0.0085,3.7,5.2
quinidine,2.82,-3,1,4,1,45.59,4,35.82,4,94.69,1,1,1,0,0,0.334,13.89,9.05
rabeprazole,2.04,-3,0,5,1,77.1,8,39.64,3,98.07,1,1,1,0,1,0.336,9.35,4.24
ramipril,0.92,-4,-1,5,2,95.94,10,44.79,3,111.19,1,1,1,0,1,0.039,3.75,5.2
ranitidine,0.79,-3.6,1,5,2,83.58,10,33.78,1,94.15,1,1,1,0,0,0.0795,7.8,7.8
remifentanil,1.75,-2.8,1,4,0,76.15,9,40.82,2,100.56,1,1,1,0,0,0.591,7.51,7.51
repaglinide,5.05,-5.2,-1,5,2,78.87,10,51.49,3,131.83,1,1,0,0,1,0.00294,3.68,4.82
rifabutin,4.25,-4.7,1,13,5,205.55,5,90.72,6,232.64,0,0,0,0,0,0.017,7.93,8.62
risperidone,3.27,-3.4,1,4,0,61.94,4,45.27,5,114.55,1,1,1,0,0,0.171,8.76,8.76
rivastigmine,2.45,-2.1,1,2,0,32.78,5,28.53,1,73.37,1,1,1,1,0,2.04,8.89,8.89
ropinirole,3.16,-2.9,1,2,1,32.34,7,31.19,2,81.43,1,1,1,1,0,0.353,13.24,10.17
sertraline,5.06,-6.3,1,1,1,12.03,2,32.44,3,85.74,1,0,1,1,0,0.000145,9.85,9.85
sibutramine,5.05,-5.5,1,1,0,3.24,5,32.9,2,83.92,1,0,1,1,0,0.00094,9.77,9.77
sildenafil,2.35,-3,0,8,1,109.13,6,51.18,4,139.44,1,1,0,0,1,0.433,7.27,5.97
sirolimus,4.85,-5.7,0,12,3,195.43,6,101.74,4,250.66,0,0,0,0,1,0.00173,9.96,-3
sitagliptin,1.95,-4.1,1,4,1,77.04,5,32.66,3,87.49,1,1,1,0,0,0.034,8.78,8.78
spironolactone,3.1,-5.3,0,3,0,60.44,2,46.03,5,113.5,1,1,1,0,0,0.00198,18.01,-4.9
sulfadiazine,0.25,-2.6,-1,5,2,97.97,2,24.39,2,64.2,1,1,1,0,0,0.601,6.99,2.01
tacrolimus,3.19,-5.3,0,11,3,178.36,7,87.41,4,215.62,0,0,0,0,1,0.00402,9.96,-2.9
telmisartan,6.66,-5.2,-1,4,1,72.94,7,58.61,6,164.49,0,0,0,0,1,0.0035,3.65,6.13
temozolomide,-1,-1.6,0,5,1,105.94,1,16.88,2,47.86,1,1,1,0,0,5.09,10.51,-3.6
terbutaline,0.55,-1.6,1,4,4,72.72,4,24.78,1,63.04,1,1,1,0,0,5.84,8.86,9.76
thalidomide,0.42,-2,0,4,1,83.55,1,24.42,3,64.32,1,1,1,0,0,2.55,11.59,-6.4
thioridazine,5.93,-5.6,1,2,0,6.48,4,43.26,4,113.52,1,0,1,1,0,0.000855,8.93,8.93
tinidazole,-0.41,-1.9,0,5,0,97.78,5,23.27,1,57.66,1,1,0,0,0,3.03,3.1,3.1
tolazamide,1.4,-3,-1,4,2,78.51,2,32.82,2,81.34,1,1,1,0,0,0.308,4.07,1.61
tolmetin,2.81,-3.3,-1,3,1,59.3,4,27.67,2,72.39,1,1,1,0,0,0.131,3.96,-7.8
topiramate,1.29,-1.7,0,8,1,115.54,3,32.42,3,72.3,1,1,1,0,0,6.8,11.09,-3.7
trandolapril,1.31,-4.3,-1,5,2,95.94,10,46.79,3,115.79,1,1,1,0,1,0.0207,3.8,5.21
tranylcypromine,1.5,-2,1,1,1,26.02,1,15.51,2,41.7,1,1,0,1,0,1.49,9.62,9.62
trazodone,2.68,-3.1,1,4,0,42.39,5,40.12,4,105.88,1,1,1,0,0,0.29,7.09,7.09
triamterene,1.21,-2.4,0,7,3,129.62,1,25.9,3,75.13,1,1,1,0,0,0.963,15.88,3.11
trimethoprim,1.26,-2.7,1,7,2,105.51,5,29.71,2,81.51,1,1,1,0,0,0.615,17.33,7.16
valaciclovir,-0.84,-2,1,8,3,146.85,8,31.96,2,80.63,1,1,0,0,0,3.55,8.1,7.36
valsartan,3.68,-4.3,-1,6,2,112.07,10,47.27,3,134.77,1,0,0,0,1,0.0234,4.37,-0.11
varenicline,1.39,-3.4,1,3,1,37.81,0,23.12,4,61.3,1,1,1,1,0,0.0877,9.73,9.73
venlafaxine,2.69,-3.1,1,3,1,32.7,5,32.33,2,83.02,1,1,1,1,0,0.23,14.42,8.91
vincristine,3.36,-4.4,2,9,3,171.17,10,87.81,9,221.48,1,0,0,0,1,0.03,10.85,8.66
warfarin,2.41,-3.8,-1,3,1,63.6,4,31.93,3,86.86,1,1,1,0,0,0.0472,6.33,-6.6
ziprasidone,4.64,-4.8,1,4,1,48.47,4,44.96,5,116.72,1,1,1,0,0,0.00718,13.18,7.09
zonisamide,0.67,-2,0,3,1,86.19,2,19.48,2,50.3,1,1,1,0,0,2.09,9.84,-1.8
aceclofenac,4.88,-5.2,-1,4,2,75.63,7,32.76,2,86.32,1,1,1,0,0,0.00199,3.44,-2.1
aliskiren,3.87,-5.4,1,7,4,146.13,19,63.28,1,154.32,0,0,0,0,0,0.0021,14.56,9.57
amphetamine,1.85,-1.9,1,1,1,26.02,2,16.17,1,43.71,1,1,0,1,0,1.74,10.01,10.01
benzonatate,2.09,-5.6,0,11,1,121.4,33,67.87,1,161.54,0,0,0,0,0,0.00159,3.47,3.47
chlorcyclizine,4.16,-3.8,1,2,0,6.48,3,33.89,3,89.74,1,1,1,1,0,0.0424,7.63,7.63
deferoxamine,0.93,-3.8,1,9,6,205.84,23,62.42,0,144.95,0,0,0,0,0,0.099,7.92,10.23
entacapone,2.5,-3.6,-1,6,2,130.38,5,29.48,1,80.51,1,1,1,0,0,0.0797,5.68,-0.036
finasteride,3.53,-5.3,0,2,2,58.2,2,43.93,4,108.2,1,1,1,0,0,0.00198,14.53,2.22
fluorouracil,-0.58,-1.4,0,2,2,58.2,0,9.46,1,26.17,1,1,0,0,0,5.86,7.76,-8
fospropofol,2.23,-3,-2,4,2,75.99,6,29,1,72.88,1,1,1,0,0,0.302,1.44,-5
ketamine,2.69,-3.7,1,2,1,29.1,2,24.97,2,65.55,1,1,1,1,0,0.0464,18.78,7.45
metformin,-1.8,-2,2,5,4,88.99,0,13.43,0,56.64,1,1,0,0,0,1.38,12.33,12.33
metronidazole,-0.15,-1.5,0,4,1,83.87,3,15.82,1,41.22,1,1,0,0,0,5.92,15.44,3.09
mitomycin,-0.55,-1.5,0,7,3,146.89,4,32.77,4,83.27,1,1,0,0,0,10.1,-0.3,6.8
phentermine,2.32,-2.3,1,1,1,26.02,2,17.87,1,48.34,1,1,0,1,0,0.757,10.25,10.25
pregabalin,-1.4,-1.2,0,3,2,63.32,5,18.08,0,43.68,1,1,0,0,0,11.3,4.8,10.23
sulfamethizole,0.53,-2.6,-1,5,2,97.97,2,26.26,2,66.84,1,1,1,0,0,0.611,6.71,1.95
tamsulosin,3.05,-4.8,1,6,2,99.88,11,43.95,2,108.86,1,1,1,0,0,0.00655,9.93,9.28
vancomycin,1.11,-3.8,1,24,19,530.49,13,138.7,10,346.61,0,0,0,0,1,0.225,2.99,9.93
acetylcysteine,-0.03,-1.5,-1,3,3,66.4,3,15.34,0,37.67,1,1,0,0,0,5.09,3.82,-1.5
adenosine,-1.2,-1.3,0,8,4,139.54,2,25.28,3,63.2,1,1,0,0,0,14,12.45,3.94
alfentanil,2.2,-3.2,1,6,0,81.05,9,45.56,3,118.59,1,1,1,0,1,0.252,7.5,7.5
almotriptan,2.04,-3.4,1,3,1,56.41,5,37.01,3,94.52,1,1,1,0,0,0.121,17.14,9.55
alvimopan,3.25,-4.7,0,5,3,89.87,8,46.77,3,120.56,1,1,1,0,1,0.00834,3.71,10.66
ambenonium,2.27,-8.8,2,2,2,58.2,15,59.98,2,173.57,0,0,0,0,0,9.42E-07,10.78,-3.6
amifostine,-1.4,-1.1,0,5,4,95.58,7,21.01,0,51.28,1,1,0,0,0,18.7,2.06,10.71
amikacin,-3.2,-1.1,4,17,13,331.94,10,58.06,3,129.84,0,0,0,0,1,49.7,12.1,9.79
aminocaproic acid,-2.7,-0.46,0,3,2,63.32,5,14.71,0,34.66,1,1,0,0,0,45.2,4.73,10.21
aminophylline,0,0,0,3,1,69.3,1,16.86,4,44.93,1,1,0,0,0,0,7.82,-0.78
ammonium chloride,-0.21,0.37,-1,0,0,0,0,2.39,0,5.62,1,1,0,1,0,124,-7,-7
apomorphine,2.51,-2.7,0,3,2,43.7,0,29.7,4,79.99,1,1,1,0,0,0.51,6.58,13.25
argatroban,0.04,-3.5,0,9,6,177.71,8,53.77,3,143.83,0,0,0,0,1,0.168,3.06,11.8
atropine,2.19,-2.1,1,3,1,49.77,5,31.28,3,80.82,1,1,1,0,0,2.52,15.15,9.39
bacitracin,-2.9,-4.8,0,20,17,530.87,31,149.32,4,363.14,0,0,0,0,1,0.0245,3.19,9.63
bendamustine,3.07,-3.8,-1,4,1,58.36,9,38.19,2,92.92,1,1,1,0,0,0.0618,4.38,6.65
benzphetamine,3.72,-4,1,1,0,3.24,5,29.03,2,78.39,1,1,1,1,0,0.0233,9.8,9.8
benzylpenicilloyl polylysine,-0.89,-3.9,0,8,6,170.85,17,50.31,2,122.22,0,0,0,0,0,0.0658,2.04,9.53
bethanechol,-2.8,-2.8,1,1,1,52.32,4,17.73,0,54.44,1,1,0,0,0,0.311,15.34,15.34
biperiden,4.28,-4.9,1,2,1,23.47,5,36.88,4,97.02,1,1,1,1,0,0.00426,13.82,9.3
bisacodyl,4.71,-5.5,0,3,0,65.49,7,38.48,3,100.15,1,1,1,0,1,0.00127,4.08,4.08
bivalirudin,-0.76,-4.7,-4,37,28,901.57,66,215.46,6,543.33,0,0,0,0,1,0.0464,2.79,11.88
brompheniramine,3.63,-4.4,1,2,0,16.13,5,32.08,2,83.67,1,1,1,1,0,0.0127,9.48,9.48
budesonide,2.42,-4,0,6,2,93.06,4,47.11,5,116.11,1,1,1,0,0,0.0457,13.74,-2.9
butorphanol,3.65,-3.3,1,3,2,43.7,2,37.94,5,95.92,1,1,1,0,0,0.16,9.86,10.7
cabergoline,2.97,-3.8,2,4,2,71.68,8,52.5,4,133.5,1,1,0,0,1,0.064,15.25,9.32
caffeine,-0.24,-1.2,0,3,0,58.44,0,18.95,2,49.83,1,1,0,0,0,11,-0.92,-0.92
calcitriol,5.51,-4.8,0,3,3,60.69,6,51.02,3,126.53,1,1,0,0,1,0.00667,14.39,-1.3
calcium acetate,0.24,-0.03,-1,2,0,40.13,0,4.96,0,23.48,1,1,0,0,0,147,4.54,4.54
carbinoxamine,3.03,-3.1,1,3,0,25.36,6,31.7,2,82.13,1,1,1,1,0,0.228,8.87,8.87
carboprost tromethamine,1.07,-3.9,-1,5,3,100.82,15,42.51,1,115.95,1,1,0,0,0,0.0622,4.36,-1.3
carisoprodol,1.76,-2.5,0,2,2,90.65,9,28.77,0,67.1,1,1,1,0,0,0.792,15.06,15.06
chloramphenicol,1.15,-2.8,0,5,3,115.38,6,28.08,1,73.2,1,1,1,0,0,0.461,7.49,-2.8
chlorpheniramine,3.74,-3.7,1,2,0,16.13,5,30.82,2,80.85,1,1,1,1,0,0.0519,9.47,9.47
cinacalcet,5.57,-6.8,1,1,1,12.03,7,37.9,3,100.12,1,0,0,1,1,5.59E-05,10.3,10.3
clemastine,5.29,-5.9,1,2,0,12.47,6,39.06,3,101.65,1,1,1,1,1,0.000405,9.55,9.55
clevidipine,4.98,-5.2,0,4,1,90.93,10,45.12,2,113.93,1,1,1,0,0,0.00267,5.31,5.31
codeine,1.2,-2.7,1,4,1,41.93,1,31.95,5,84.6,1,1,1,0,0,0.577,13.78,9.19
colistimethate,-1.2,-2.6,-5,33,18,706.71,44,161.9,1,370.19,0,0,0,0,0,4.17,-4.3,6.46
conivaptan,5.23,-5.5,0,3,2,78.09,4,55.51,6,150.83,1,0,0,0,0,0.00175,11.14,6.23
corticorelin ovine triflutate,0,0,0,74,66,1989.13,159,485.81,5,1178.82,0,0,0,0,1,0,2.87,12.2
cortisone acetate,2.35,-4.2,0,5,1,97.74,4,43.06,4,105.63,1,1,1,0,0,0.0278,12.6,-3.8
cupric chloride,0,0,0,0,0,0,0,7.27,0,12.27,1,1,0,1,0,0,0,0
cyanocobalamin,2.66,-4.8,3,18,9,477.85,27,138.79,8,337.48,0,0,0,0,1,0.0202,1.82,8.68
darifenacin,4.35,-6.2,1,3,1,55.56,7,48.54,5,128.37,1,1,1,0,1,0.000298,16.21,10.11
daunorubicin,1.68,-2.9,1,11,5,185.84,4,52.94,5,132.89,0,0,0,0,0,0.627,9.53,8.94
dexbrompheniramine,3.63,-4.4,1,2,0,16.13,5,31.84,2,83.67,1,1,1,1,0,0.0127,9.48,9.48
dexchlorpheniramine,3.74,-3.7,1,2,0,16.13,5,30.82,2,80.85,1,1,1,1,0,0.0519,9.47,9.47
dexpanthenol,-1,-0.23,0,4,4,89.79,6,21.87,0,51.88,1,1,0,0,0,121,12.69,-2.4
dextroamphetamine,1.85,-1.9,1,1,1,26.02,2,16.08,1,43.71,1,1,0,1,0,1.74,10.01,10.01
dextromethorphan,3.75,-4.5,1,2,0,12.47,1,31.86,4,82.56,1,1,1,1,0,0.00851,9.85,9.85
diatrizoate,2.27,-3.8,-1,4,3,95.5,3,38.43,1,103.13,1,0,0,0,0,0.107,2.17,-4.2
dicyclomine,5.82,-5,1,2,0,29.54,8,37.39,2,91.78,1,1,1,1,0,0.00327,8.96,8.96
diethylpropion,2.8,-2.2,1,2,0,20.31,5,24.12,1,63.88,1,1,1,1,0,1.22,17.43,7.44
digoxin,1.04,-3.8,0,13,6,203.06,7,84.8,8,193.23,0,0,0,0,1,0.127,7.15,-3
dihydroergotamine,3.04,-3.4,1,6,3,118.21,4,63.3,8,159.39,1,0,0,0,0,0.229,9.71,8.39
dimenhydrinate,0.44,-1.3,1,2,0,12.47,6,30.02,4,79.93,1,1,1,1,1,9.86,8.87,8.87
dimercaprol,0.58,-1.6,0,1,3,20.23,2,12.88,0,32.91,1,1,0,1,0,2.76,9.58,-2.8
diphenhydramine,3.44,-3.5,1,2,0,12.47,6,29.86,2,79.93,1,1,1,1,0,0.0752,8.87,8.87
diphenoxylate,5.74,-5.5,1,3,0,53.33,9,51.58,4,146.76,1,0,0,0,1,0.00146,8.5,8.5
dobutamine,2.97,-4.3,1,4,4,72.72,7,34.44,2,88.39,1,1,1,0,0,0.0137,10.14,9.27
dofetilide,2.17,-4.4,1,6,2,104.81,9,46.03,2,113.27,1,1,1,0,0,0.0198,10.15,8.99
dopamine,-0.4,-1.3,1,3,3,66.48,2,16.21,1,43.25,1,1,0,0,0,7.43,10.01,9.27
doxapram,3.65,-4,1,3,0,32.78,6,43.02,4,112.85,1,1,1,1,1,0.0343,7.23,7.23
doxylamine,2.9,-2.7,1,3,0,25.36,6,31.09,2,82.24,1,1,1,1,0,0.541,8.87,8.87
droperidol,3.93,-3.6,0,3,1,52.65,6,40.31,4,109.52,1,1,1,0,1,0.0966,12.72,6.75
dutasteride,5.45,-5.8,0,2,2,58.2,4,50.13,5,127.9,0,0,0,0,0,0.000908,12.56,2.17
dyphylline,-0.98,-1.2,0,5,2,98.9,3,24.65,2,62.09,1,1,0,0,0,14.3,13.91,-0.97
edrophonium,-1.6,-3.6,1,1,1,20.23,2,19.15,1,62.41,1,1,0,1,0,0.0486,8.59,-6.1
ephedrine,1,-1.3,1,2,2,32.26,3,18.8,1,49.69,1,1,1,1,0,8.26,13.89,9.52
epinephrine,-0.82,-0.99,1,4,4,72.72,3,19.04,1,49.23,1,1,0,0,0,18.6,9.69,8.91
ergocalciferol,7.59,-6,0,1,1,20.23,5,50.73,3,128.89,1,0,0,1,0,0.000433,18.38,-1.3
esmolol,2.02,-3.3,1,4,2,67.79,10,33.68,1,81.05,1,1,1,0,0,0.144,14.09,9.67
estazolam,1.72,-3.8,0,3,0,43.07,1,29.83,4,94.44,1,1,1,0,0,0.0423,18.4,4.97
ethanolamine oleate,0,0,-1,2,1,37.3,16,37.09,0,87.4,0,0,0,0,0,0,4.99,4.99
etidronic acid,-0.77,-1.2,-3,7,5,135.29,2,13.97,0,34.51,1,1,0,0,0,11.5,0.7,-5.1
etomidate,2.66,-2.7,0,2,0,44.12,5,26.43,2,69.59,1,1,1,0,0,0.477,4.54,4.54
fenoldopam,2.39,-3,1,4,4,72.72,1,30.71,3,82.68,1,1,1,0,0,0.272,8.12,10.4
ferumoxytol,0,0,2,0,0,0,0,1.78,0,0,1,1,0,1,0,0,4.58,4.58
fesoterodine,5.45,-5.3,1,3,1,49.77,11,48.29,2,124.08,0,0,0,0,0,0.00205,14.98,10.64
fexofenadine,5.02,-5.3,0,5,3,81,10,57.42,4,147.98,1,0,0,0,1,0.00266,4.04,9.01
flavoxate,3.65,-4.4,1,4,0,55.84,6,43.39,4,113.51,1,1,1,0,1,0.0154,7.29,7.29
fludarabine,-0.62,-1.4,0,8,4,139.54,2,25.16,3,64.06,1,1,0,0,0,12.1,12.45,0.71
fludrocortisone,1.35,-3.2,0,5,3,94.83,2,39.53,4,96.93,1,1,1,0,0,0.224,12.55,-3.3
flumazenil,1.54,-2.5,0,3,0,64.43,3,29.97,3,87.93,1,1,1,0,0,1.04,3.27,3.27
fluorescein,2.64,-4.1,0,3,2,75.99,0,33.14,5,91.22,1,1,1,0,0,0.0255,8.72,-3.7
folic acid,-0.04,-3.8,-2,12,6,208.99,9,42.06,3,111.01,0,0,0,0,1,0.0761,3.37,2.09
frovatriptan,1.2,-3.3,1,2,3,70.91,2,27.55,3,71.84,1,1,1,0,0,0.123,14.54,10.42
gadofosveset trisodium,3.84,-3.8,-4,15,0,268.96,23,69.28,3,241.55,0,0,0,0,1,0.169,0.78,9.67
gadoteridol,0.36,-1.8,-1,11,1,153.58,8,39.42,1,133.55,0,0,0,0,0,11.2,0.76,10
gadoversetamide,0.36,-2.4,-2,13,2,206.77,22,49.81,0,154.49,0,0,0,0,0,2.98,2.32,8.97
guaifenesin,0.76,-1.1,0,4,2,58.92,5,20.59,1,51.24,1,1,1,0,0,14.9,13.62,-3
guanethidine,0.89,-2,2,4,2,67.64,3,23.67,1,59.7,1,1,1,0,0,2.25,11.77,11.77
hydrocortisone,1.79,-3.3,0,5,3,94.83,2,39.45,4,97.4,1,1,1,0,0,0.199,12.59,-2.8
hydroxyzine,3.43,-3.6,1,4,1,35.94,8,41.99,3,107.07,1,1,1,1,1,0.0914,15.12,7.82
ibandronate,0.26,-1.4,-1,8,5,138.53,9,29.51,0,71.16,1,1,0,0,0,13.4,0.66,9.93
ibutilide,4.72,-4.9,1,4,2,69.64,13,46.45,1,109.18,1,1,1,0,0,0.00473,9.72,10.4
ioversol,-3,-2.9,0,9,8,199.89,12,58.31,1,144.58,0,0,0,0,0,1.04,11.72,-2.6
isosorbide dinitrate,0.87,-2.4,0,8,0,123.2,4,18.15,2,42.76,1,1,1,0,0,0.938,-4.2,-4.2
isoxsuprine,2.06,-3.8,1,4,3,61.72,7,34.12,2,86.64,1,1,1,0,0,0.0507,9.65,9
kanamycin,-3.1,-0.72,4,15,11,282.61,6,47.57,3,106.13,0,0,0,0,1,92.3,12.11,9.75
lactulose,-3.3,0.36,0,11,8,189.53,5,31.49,2,68.77,0,0,0,0,0,792,10.28,-3
lanthanum carbonate,0.65,-1.2,-1,3,0,63.19,0,3.52,0,31.17,1,1,0,0,0,31,6.05,6.05
leucovorin,-0.46,-3.2,-2,11,7,215.55,9,46.33,3,126.66,0,0,0,0,1,0.297,3.47,2.81
levonorgestrel,3.25,-4.7,0,2,1,37.3,1,36.73,4,92.03,1,1,1,1,0,0.00583,17.91,-1.5
levorphanol,3.29,-3.2,1,2,1,23.47,0,29.84,4,78.08,1,1,1,1,0,0.173,10.46,9.66
lidocaine,1.81,-2.6,1,2,1,32.34,5,27.77,1,73.93,1,1,1,1,0,0.593,13.78,7.75
liothyronine,0.82,-4.5,0,4,3,92.78,5,43.92,2,113.43,1,0,0,0,0,0.0195,0.3,9.48
loperamide,4.44,-5.7,1,3,1,43.78,7,52.67,4,139.32,1,1,0,0,1,0.00086,13.96,9.41
loratadine,4.8,-4.5,0,2,0,42.43,2,41.67,4,116.98,1,1,1,0,0,0.0134,4.33,4.33
lubiprostone,2.76,-4.2,-1,5,2,83.83,11,42.35,2,95.6,1,1,1,0,0,0.0256,4.3,-4.4
mannitol,-2.7,0.1,0,6,6,121.38,5,17.04,0,38.4,1,0,0,0,0,229,12.59,-3
mecamylamine,3.13,-3.1,1,1,1,12.03,1,20.74,2,51.83,1,1,1,1,0,0.124,10.88,10.88
meclizine,5.59,-5.6,1,2,0,6.48,5,44.87,4,119.39,1,0,0,1,0,0.00103,8.16,8.16
mepenzolate,-1.1,-5.8,1,2,1,46.53,5,37.76,3,109.4,1,1,0,0,0,0.000627,11.05,-4.5
meperidine,2.9,-2.4,1,2,0,29.54,4,28.09,2,72.48,1,1,1,1,0,1.11,8.16,8.16
mepivacaine,2.16,-2.6,1,2,1,32.34,2,28.61,2,76.32,1,1,1,1,0,0.621,13.62,7.25
meprobamate,1.06,-2,0,2,2,104.64,8,22.65,0,53.04,1,1,1,0,0,2.47,15.17,15.17
methsuximide,1.46,-2,0,2,0,37.38,1,21.4,2,56.35,1,1,1,1,0,2.13,19.03,-7.2
methysergide,2.22,-3.2,1,3,2,57.5,4,40.41,4,104.47,1,1,1,0,0,0.224,15.01,7.85
metyrapone,2.09,-2.7,0,3,0,42.85,3,23.98,2,65.94,1,1,1,0,0,0.427,4.87,4.87
metyrosine,-1.9,-1.9,0,4,3,83.55,3,19.9,1,51.81,1,1,0,0,0,2.48,2.06,9.93
midazolam,3.89,-4.5,0,2,0,30.18,1,32.7,4,99.43,1,1,1,1,0,0.00987,6.57,6.57
midodrine,-0.49,-1.8,1,5,3,93.81,6,26.65,1,66.22,1,1,0,0,0,4.45,13.77,8.14
mifepristone,5.33,-5.1,0,3,1,40.54,3,50.69,5,132.58,1,0,0,0,0,0.00336,12.87,4.89
miglitol,-2.3,0.47,1,6,5,104.39,3,20.81,1,48.16,1,1,0,0,0,610,12.9,7.6
miglustat,-1.1,0.18,1,5,4,84.16,4,23.99,1,55.74,1,1,0,0,0,331,12.9,8.49
minoxidil,1.24,-1,0,5,2,95.11,1,21.97,2,60.42,1,1,1,0,0,19.9,17.62,1.69
mitotane,6.08,-7.5,0,0,0,0,3,29.93,2,79.97,1,0,0,1,0,9.42E-06,0,0
mivacurium,3.8,-7.5,2,12,0,144.9,30,116.68,6,308.74,0,0,0,0,1,3.26E-05,18.59,-4.1
morphine,0.99,-1.4,1,4,2,52.93,0,29.95,5,80.12,1,1,1,0,0,10.2,10.26,9.12
nabilone,7.5,-5.9,0,3,1,46.53,6,44.91,3,110.2,1,0,0,0,1,0.000493,9.33,-4.9
nalbuphine,2,-2.2,1,5,3,73.16,2,38.59,6,97,1,1,1,0,0,2.09,7.45,13.75
naloxone,1.47,-1.8,1,5,2,70,2,33.83,5,88.72,1,1,1,0,0,5.64,10.07,7.84
nitazoxanide,2.14,-4.6,0,5,1,114.11,5,27.54,2,73.89,1,1,1,0,0,0.00755,8.3,-4.2
nitroglycerin,1.25,-3,0,9,0,157.11,8,15.68,0,37.59,1,1,0,0,0,0.204,-5.6,-5.6
nitroprusside,0,0,-2,6,0,148.38,1,16.52,0,39.44,1,1,0,0,0,0,-3.3,-3.3
norepinephrine,-1.4,-1.1,1,4,4,86.71,2,16.96,1,44.46,1,1,0,0,0,12.5,9.5,8.85
nystatin,-3.1,-4,0,17,12,319.61,3,99.93,3,243.55,0,0,0,0,0,0.086,3.61,9.11
orciprenaline,-0.32,-1.5,1,4,4,72.72,4,23.12,1,58.4,1,1,1,0,0,6.92,8.84,9.7
orphenadrine,3.5,-4,1,2,0,12.47,6,31.83,2,84.97,1,1,1,1,0,0.03,8.87,8.87
oxybutynin,4.36,-4.6,1,3,1,49.77,10,41.25,2,105.26,1,1,1,0,0,0.01,11.53,8.77
oxycodone,1.04,-1.8,1,5,1,59,1,32.8,5,84.04,1,1,1,0,0,5.59,13.56,8.21
oxymorphone,1.26,-1.1,1,5,2,70,0,30.77,5,79.56,1,1,1,0,0,25.6,10.07,8.21
paliperidone,2.3,-3.2,1,5,1,82.17,4,45.95,5,116.04,1,1,1,0,0,0.297,13.74,8.76
pancuronium,1.04,-8.3,2,2,0,52.6,6,69.44,6,185.22,1,0,0,0,1,3.08E-06,-6.7,-6.7
paromomycin,-2.9,-0.89,5,19,13,347.32,9,60.4,4,134.24,0,0,0,0,1,79.7,12.23,9.94
penbutolol,3.84,-4.1,1,3,2,41.49,7,34.58,2,86.6,1,1,1,0,0,0.0212,14.09,9.76
pentagastrin,1.66,-5.5,-1,8,8,250.91,22,78.01,3,200.04,0,0,0,0,1,0.00261,4,4
pentazocine,4.44,-3.4,1,2,1,23.47,2,33.86,3,89.8,1,1,1,1,0,0.122,7.59,12.4
pentetic acid,-1.3,-2,-3,13,5,196.22,16,36.41,0,86.45,0,0,0,0,0,4.18,1.95,8.82
perflutren,2.96,-3.1,0,0,0,0,2,7.1,0,17.54,1,1,0,1,0,0.146,0,0
phendimetrazine,2.01,-1.9,1,2,0,12.47,1,22.18,2,57.76,1,1,1,1,0,2.43,7.28,7.28
phenoxybenzamine,4.26,-4.5,1,2,0,12.47,8,34.09,2,88.92,1,1,1,1,0,0.0103,7.97,7.97
phentolamine,2.91,-3,1,4,2,47.86,4,31.37,3,84.25,1,1,1,0,0,0.272,9.78,9.02
physostigmine,1.8,-2.4,0,3,1,44.81,2,30.62,3,78.4,1,1,1,0,0,0.992,14.77,6.59
pimozide,6.36,-5.4,1,2,1,35.58,7,50.04,5,132.21,1,0,0,1,1,0.00173,12.9,8.38
pindolol,2.17,-2.5,1,3,3,57.28,6,28.27,2,71.46,1,1,1,0,0,0.861,14.09,9.67
plerixafor,0.62,-4,4,8,6,78.66,4,60.51,3,155.01,0,0,0,0,0,0.0472,10.54,10.54
pramlintide,0,0,4,59,56,1690.64,109,395.67,8,983.93,0,0,0,0,1,0,9.44,12.24
primaquine,2.76,-3.7,1,4,2,60.17,6,29.92,2,78.51,1,1,1,0,0,0.0564,17.11,10.2
primidone,0.62,-2.3,0,2,2,58.2,2,22.44,2,59.04,1,1,1,0,0,1.04,11.5,-6.2
procyclidine,4.13,-4.5,1,2,1,23.47,5,34.43,3,88.6,1,1,1,1,0,0.00984,13.84,9.45
propantheline,2.66,-6.8,1,1,0,35.53,7,40.87,3,119.25,1,1,1,1,1,7.22E-05,18.1,-7.2
protirelin,-2.3,-1.9,0,5,4,150.28,6,35.13,3,89.76,1,1,0,0,1,4.18,11.15,6.74
protriptyline,4.65,-6.1,1,1,1,12.03,4,31.6,3,87.3,1,1,1,1,0,0.000231,10.54,10.54
pseudoephedrine,1,-1.3,1,2,2,32.26,3,18.83,1,49.69,1,1,1,1,0,8.26,13.89,9.52
pyrantel,2.69,-3.2,1,2,0,15.6,2,23.32,2,61.81,1,1,1,1,0,0.118,10.71,10.71
pyridostigmine,-3.1,-2.3,1,1,0,33.42,2,19.38,1,49.66,1,1,0,1,0,1.04,19.53,19.53
pyridoxine,-0.57,-1,0,4,3,73.58,2,17.11,1,44.11,1,1,0,0,0,16.1,9.4,5.58
quazepam,4.76,-5.2,0,1,0,15.6,3,33.99,3,93.47,1,0,1,1,0,0.00231,18.93,2.59
raloxifene,5.45,-6,1,5,2,70,7,52.55,5,135.48,1,0,0,0,1,0.000512,8.89,7.95
ramelteon,3.03,-4.2,0,2,1,38.33,4,29.99,3,75.52,1,1,1,1,0,0.0164,15.82,-0.4
ranolazine,2.08,-3.6,1,6,2,74.27,9,47.22,3,123.46,1,1,1,0,1,0.11,13.6,7.17
regadenoson,-0.89,-1.9,0,10,5,186.46,4,37.48,4,95.48,1,1,0,0,0,4.85,12.37,1.63
reserpine,4.05,-4.7,1,8,1,117.78,10,66.06,6,161.42,1,0,0,0,1,0.0113,16.29,7.39
riboflavin,-1,-2.8,-1,9,5,155.05,5,37.5,3,96.27,1,1,0,0,0,0.657,6.97,0.76
rimantadine,3.28,-4.3,1,1,1,26.02,1,21.79,3,54.52,1,1,1,1,0,0.00915,10.14,10.14
rizatriptan,1.67,-2.9,1,3,1,49.74,5,30,3,93.13,1,1,1,0,0,0.338,17.24,9.56
rocuronium,2.71,-7.3,2,4,1,59,6,62.78,6,161.65,1,0,0,0,1,2.84E-05,14.59,7.96
romidepsin,1.95,-4.4,0,5,4,142.7,2,54.55,2,142.09,1,0,0,0,0,0.0209,10.67,-0.54
salbutamol,0.44,-2,1,4,4,72.72,5,26.86,1,67.87,1,1,1,0,0,2.15,10.12,9.4
saxagliptin,0.88,-2.1,1,4,2,90.35,2,34.22,5,83.99,1,1,1,0,0,2.26,14.74,7.9
scopolamine,1.4,-1.7,0,4,1,62.3,5,31.41,4,79.72,1,1,1,0,0,6.61,15.15,6.95
selegiline,3.08,-3.9,1,1,0,3.24,4,22.69,1,61.35,1,1,1,1,0,0.0254,8.67,8.67
sevelamer,0,0,0,1,0,12.53,2,8.38,1,20.06,1,1,0,1,0,0,-4.2,-4.2
simethicone,2.6,-2,0,2,0,18.46,3,18.48,0,37.63,1,1,0,1,0,1.71,-3.7,-3.7
sincalide,0.48,-5.4,-2,16,13,426.8,33,112.69,4,282.07,0,0,0,0,1,0.00441,-2,8.23
sodium bicarbonate,-0.06,0.96,-1,3,1,60.36,0,3.86,0,20.34,1,1,0,0,0,764,6.05,6.05
sorbitol,-2.7,0.1,0,6,6,121.38,5,17.12,0,38.4,1,0,0,0,0,229,12.59,-3
streptomycin,-2.6,-1.7,3,19,14,331.43,9,55.87,3,149.47,0,0,0,0,1,12.8,11.09,11.6
succinylcholine,-2.5,-5.7,2,2,0,52.6,11,33.15,0,100.94,1,1,0,0,0,0.000757,-6.8,-6.8
sucralfate,0.74,-3.3,0,35,16,772.17,37,107.19,2,180.03,0,0,0,0,0,0.774,13.53,-3
sufentanil,3.4,-4.5,1,3,0,32.78,8,43.85,3,111.42,1,1,1,1,1,0.012,8.86,8.86
tapentadol,3.47,-2.4,1,2,1,23.47,5,26.58,1,69.56,1,1,1,1,0,0.78,10.28,9.6
temsirolimus,4.39,-5.6,0,14,4,241.96,11,112.71,4,277.07,0,0,0,0,1,0.00235,9.96,-2.9
terazosin,1.12,-2.4,1,8,1,103.04,4,41.26,4,105.18,1,1,1,0,0,1.5,19.93,7.24
theophylline,-0.26,-0.9,0,3,1,69.3,0,16.86,2,44.93,1,1,0,0,0,22.9,7.82,-0.78
thiamine,-2.1,-4.3,1,4,2,75.91,4,28.14,2,73.4,1,1,0,0,0,0.0153,15.5,5.54
tirofiban,1.78,-5.1,0,6,3,104.73,13,49.27,2,117.48,1,1,1,0,0,0.00317,3.17,10.21
tolterodine,5.39,-4.8,1,2,1,23.47,7,39.27,2,103.96,1,0,1,1,0,0.00534,10.28,11.01
topotecan,1.84,-2.7,1,6,2,103.2,3,44.86,5,115.02,1,1,1,0,0,0.861,8,9.83
tranexamic acid,-1.4,-0.94,0,3,2,63.32,2,17.28,1,41.9,1,1,0,0,0,18.2,4.56,10.22
trihexyphenidyl,4.93,-5,1,2,1,23.47,5,36.73,3,93.21,1,1,1,1,0,0.00314,13.84,9.32
triprolidine,4.14,-3.7,1,2,0,16.13,4,33.09,3,98.53,1,1,1,1,0,0.0537,8.64,8.64
trospium,2.86,-6.8,1,2,1,46.53,5,43.25,5,124.04,1,1,0,0,0,6.68E-05,11.05,-4.5
tyramine,-0.14,-1.4,1,2,2,46.25,2,15.33,1,41.27,1,1,0,0,0,5.72,10.41,9.66
vecuronium,2.07,-7.5,2,3,0,55.84,6,66.85,6,169.31,1,0,0,0,1,1.86E-05,9.65,9.65
vinblastine,4.22,-4.7,2,9,3,154.1,10,87.46,9,222.42,1,0,0,0,1,0.0169,10.87,8.86
vitamin e,8.84,-7.8,0,2,1,29.46,12,55.29,2,135.37,0,0,0,0,0,7.04E-06,10.8,-4.9
vorinostat,1.88,-3.6,0,3,3,78.43,8,28.39,1,73.81,1,1,1,0,0,0.0716,8.91,-3.5
zaleplon,2,-3.9,0,4,0,74.29,3,32.09,3,97.24,1,1,1,0,0,0.0403,0.3,0.3
ebrotidine,0,0,0,0,0,0,0,0,0,0,0,0,0,0,0,0,0,0
tetrabamate,0,0,0,0,0,0,0,0,0,0,0,0,0,0,0,0,0,0
alatrofloxacin mesylate,0,0,0,0,0,0,0,0,0,0,0,0,0,0,0,0,0,0
alpidem,0,0,0,0,0,0,0,0,0,0,0,0,0,0,0,0,0,0
benzarone,0,0,0,0,0,0,0,0,0,0,0,0,0,0,0,0,0,0
clomacran,0,0,0,0,0,0,0,0,0,0,0,0,0,0,0,0,0,0
clometacin,0,0,0,0,0,0,0,0,0,0,0,0,0,0,0,0,0,0
exifone,0,0,0,0,0,0,0,0,0,0,0,0,0,0,0,0,0,0
fenclozic acid,0,0,0,0,0,0,0,0,0,0,0,0,0,0,0,0,0,0
glafenine,0,0,0,0,0,0,0,0,0,0,0,0,0,0,0,0,0,0
ibufenac,0,0,0,0,0,0,0,0,0,0,0,0,0,0,0,0,0,0
isaxonine,0,0,0,0,0,0,0,0,0,0,0,0,0,0,0,0,0,0
mepazine,0,0,0,0,0,0,0,0,0,0,0,0,0,0,0,0,0,0
nitrefazole,0,0,0,0,0,0,0,0,0,0,0,0,0,0,0,0,0,0
pipamazine,0,0,0,0,0,0,0,0,0,0,0,0,0,0,0,0,0,0
sitaxsentan,0,0,0,0,0,0,0,0,0,0,0,0,0,0,0,0,0,0
sulcotidil,0,0,0,0,0,0,0,0,0,0,0,0,0,0,0,0,0,0
sulfacarbamide,0,0,0,0,0,0,0,0,0,0,0,0,0,0,0,0,0,0
ticrynafen,0,0,0,0,0,0,0,0,0,0,0,0,0,0,0,0,0,0
triacetyldiphenolisatin,0,0,0,0,0,0,0,0,0,0,0,0,0,0,0,0,0,0
xenazoic acid,0,0,0,0,0,0,0,0,0,0,0,0,0,0,0,0,0,0
aplaviroc ,0,0,0,0,0,0,0,0,0,0,0,0,0,0,0,0,0,0
dermatan,0,0,0,0,0,0,0,0,0,0,0,0,0,0,0,0,0,0
falnidamol ,0,0,0,0,0,0,0,0,0,0,0,0,0,0,0,0,0,0
fiduxosin ,0,0,0,0,0,0,0,0,0,0,0,0,0,0,0,0,0,0
pafuramidine ,0,0,0,0,0,0,0,0,0,0,0,0,0,0,0,0,0,0
pralnacasan ,0,0,0,0,0,0,0,0,0,0,0,0,0,0,0,0,0,0
divalproex sodium,0,0,0,0,0,0,0,0,0,0,0,0,0,0,0,0,0,0
eltrombopag olamine,0,0,0,0,0,0,0,0,0,0,0,0,0,0,0,0,0,0
4-aminosalicylic acid,0,0,0,0,0,0,0,0,0,0,0,0,0,0,0,0,0,0
rifampin,0,0,0,0,0,0,0,0,0,0,0,0,0,0,0,0,0,0
clomiphene,0,0,0,0,0,0,0,0,0,0,0,0,0,0,0,0,0,0
thioguanine,0,0,0,0,0,0,0,0,0,0,0,0,0,0,0,0,0,0
aciclovir,0,0,0,0,0,0,0,0,0,0,0,0,0,0,0,0,0,0
cromoglicate,0,0,0,0,0,0,0,0,0,0,0,0,0,0,0,0,0,0
dalteparin sodium,0,0,0,0,0,0,0,0,0,0,0,0,0,0,0,0,0,0
enoxaparin,0,0,0,0,0,0,0,0,0,0,0,0,0,0,0,0,0,0
esomeprazole Sodium,0,0,0,0,0,0,0,0,0,0,0,0,0,0,0,0,0,0
fondaparinux sodium,0,0,0,0,0,0,0,0,0,0,0,0,0,0,0,0,0,0
glibenclamide,0,0,0,0,0,0,0,0,0,0,0,0,0,0,0,0,0,0
heparin sodium,0,0,0,0,0,0,0,0,0,0,0,0,0,0,0,0,0,0
levocetirizine dihydrochloride,0,0,0,0,0,0,0,0,0,0,0,0,0,0,0,0,0,0
pegaspargase,0,0,0,0,0,0,0,0,0,0,0,0,0,0,0,0,0,0
penicillin g,0,0,0,0,0,0,0,0,0,0,0,0,0,0,0,0,0,0
propoxyphene,0,0,0,0,0,0,0,0,0,0,0,0,0,0,0,0,0,0
triptorelin pamoate,0,0,0,0,0,0,0,0,0,0,0,0,0,0,0,0,0,0
alendronate,0,0,0,0,0,0,0,0,0,0,0,0,0,0,0,0,0,0
aspirin,0,0,0,0,0,0,0,0,0,0,0,0,0,0,0,0,0,0
prasugrel hydrochloride,0,0,0,0,0,0,0,0,0,0,0,0,0,0,0,0,0,0
zoledronate,0,0,0,0,0,0,0,0,0,0,0,0,0,0,0,0,0,0
acetylcholine chloride,0,0,0,0,0,0,0,0,0,0,0,0,0,0,0,0,0,0
aminohippurate,0,0,0,0,0,0,0,0,0,0,0,0,0,0,0,0,0,0
Argipressin,0,0,0,0,0,0,0,0,0,0,0,0,0,0,0,0,0,0
atracurium,0,0,0,0,0,0,0,0,0,0,0,0,0,0,0,0,0,0
benztropine,0,0,0,0,0,0,0,0,0,0,0,0,0,0,0,0,0,0
betaine,0,0,0,0,0,0,0,0,0,0,0,0,0,0,0,0,0,0
cisatracurium besylate,0,0,0,0,0,0,0,0,0,0,0,0,0,0,0,0,0,0
corticotropin,0,0,0,0,0,0,0,0,0,0,0,0,0,0,0,0,0,0
cosyntropin,0,0,0,0,0,0,0,0,0,0,0,0,0,0,0,0,0,0
dextrose,0,0,0,0,0,0,0,0,0,0,0,0,0,0,0,0,0,0
dichlorphenamide,0,0,0,0,0,0,0,0,0,0,0,0,0,0,0,0,0,0
ecallantide,0,0,0,0,0,0,0,0,0,0,0,0,0,0,0,0,0,0
epoetin alfa,0,0,0,0,0,0,0,0,0,0,0,0,0,0,0,0,0,0
eptifibatide,0,0,0,0,0,0,0,0,0,0,0,0,0,0,0,0,0,0
exametazime,0,0,0,0,0,0,0,0,0,0,0,0,0,0,0,0,0,0
exenatide,0,0,0,0,0,0,0,0,0,0,0,0,0,0,0,0,0,0
gadobenate dimeglumine,0,0,0,0,0,0,0,0,0,0,0,0,0,0,0,0,0,0
gadopentetate dimeglumine,0,0,0,0,0,0,0,0,0,0,0,0,0,0,0,0,0,0
gamma hydroxybutyric acid,0,0,0,0,0,0,0,0,0,0,0,0,0,0,0,0,0,0
ganirelix acetate,0,0,0,0,0,0,0,0,0,0,0,0,0,0,0,0,0,0
glycopyrrolate,0,0,0,0,0,0,0,0,0,0,0,0,0,0,0,0,0,0
histamine diphosphate,0,0,0,0,0,0,0,0,0,0,0,0,0,0,0,0,0,0
indocyanine green,0,0,0,0,0,0,0,0,0,0,0,0,0,0,0,0,0,0
iodipamide meglumine,0,0,0,0,0,0,0,0,0,0,0,0,0,0,0,0,0,0
iothalamate sodium,0,0,0,0,0,0,0,0,0,0,0,0,0,0,0,0,0,0
isoproterenol,0,0,0,0,0,0,0,0,0,0,0,0,0,0,0,0,0,0
l-arginine,0,0,0,0,0,0,0,0,0,0,0,0,0,0,0,0,0,0
l-carnitine,0,0,0,0,0,0,0,0,0,0,0,0,0,0,0,0,0,0
Levoleucovorin,0,0,0,0,0,0,0,0,0,0,0,0,0,0,0,0,0,0
levomefolate calcium,0,0,0,0,0,0,0,0,0,0,0,0,0,0,0,0,0,0
l-methionine,0,0,0,0,0,0,0,0,0,0,0,0,0,0,0,0,0,0
methamphetamine,0,0,0,0,0,0,0,0,0,0,0,0,0,0,0,0,0,0
methylergonovine,0,0,0,0,0,0,0,0,0,0,0,0,0,0,0,0,0,0
methylnaltrexone bromide,0,0,0,0,0,0,0,0,0,0,0,0,0,0,0,0,0,0
methylscopolamine bromide,0,0,0,0,0,0,0,0,0,0,0,0,0,0,0,0,0,0
neomycin,0,0,0,0,0,0,0,0,0,0,0,0,0,0,0,0,0,0
nesiritide,0,0,0,0,0,0,0,0,0,0,0,0,0,0,0,0,0,0
norethindrone acetate,0,0,0,0,0,0,0,0,0,0,0,0,0,0,0,0,0,0
oxytocin,0,0,0,0,0,0,0,0,0,0,0,0,0,0,0,0,0,0
pamabrom,0,0,0,0,0,0,0,0,0,0,0,0,0,0,0,0,0,0
pancrelipase,0,0,0,0,0,0,0,0,0,0,0,0,0,0,0,0,0,0
pegfilgrastim,0,0,0,0,0,0,0,0,0,0,0,0,0,0,0,0,0,0
penicillin v,0,0,0,0,0,0,0,0,0,0,0,0,0,0,0,0,0,0
phytonadione,0,0,0,0,0,0,0,0,0,0,0,0,0,0,0,0,0,0
polymyxin b sulfate,0,0,0,0,0,0,0,0,0,0,0,0,0,0,0,0,0,0
porfimer,0,0,0,0,0,0,0,0,0,0,0,0,0,0,0,0,0,0
secretin,0,0,0,0,0,0,0,0,0,0,0,0,0,0,0,0,0,0
sodium lactate,0,0,0,0,0,0,0,0,0,0,0,0,0,0,0,0,0,0
Sodium polystyrene sulfonate,0,0,0,0,0,0,0,0,0,0,0,0,0,0,0,0,0,0
sodium thiosulfate,0,0,0,0,0,0,0,0,0,0,0,0,0,0,0,0,0,0
teriparatide,0,0,0,0,0,0,0,0,0,0,0,0,0,0,0,0,0,0
tetrahydrobiopterin,0,0,0,0,0,0,0,0,0,0,0,0,0,0,0,0,0,0
tiludronate,0,0,0,0,0,0,0,0,0,0,0,0,0,0,0,0,0,0
urofollitropin,0,0,0,0,0,0,0,0,0,0,0,0,0,0,0,0,0,0
vitamin c,0,0,0,0,0,0,0,0,0,0,0,0,0,0,0,0,0,0
